cv_auc_mean,cv_auc_std,train_auc,train_auprc,train_pr_auc,baseline_auprc,auprc_improvement,train_accuracy,train_precision,train_recall,train_f1
0.9989900041649312,0.0012673989216745493,1.0,1.0,1.0,0.5,100.0,1.0,1.0,1.0,1.0
0.9988754685547688,0.0009974119129386465,1.0,1.0,1.0,0.5,100.0,1.0,1.0,1.0,1.0
0.9983965014577258,0.0016165621570241556,1.0,1.0,1.0,0.5,100.0,0.9989795918367347,0.9979633401221996,1.0,0.9989806320081549
0.9669408579758434,0.014229580819141484,0.9999396084964598,0.9998859659470725,0.9999429829735362,0.5,99.97719318941449,0.9408163265306122,0.8941605839416058,1.0,0.9441233140655106
0.9479591836734693,0.01719622402689057,1.0,1.0,1.0,0.5,100.0,1.0,1.0,1.0,1.0
0.936734693877551,0.021820682727041206,0.9525447730112453,0.9007838631401643,0.8992711909418811,0.5,80.15677262803287,0.9224489795918367,0.8791208791208791,0.9795918367346939,0.9266409266409267
0.757746772178259,0.019265519806297468,0.7591836734693878,0.6749311294765841,0.837465564738292,0.5,34.986225895316814,0.6306122448979592,0.5751173708920188,1.0,0.7302533532041728
